5041,1053617,720720,3249792,913005835015,680
1053617,2102193,1441440,6604416,2721630200215,0
2102193,3150769,2162160,9999360,4530253981102,0
3150769,4199345,3603600,16790592,6338878506550,0
4199345,5247921,4324320,20321280,8147502439703,0
5247921,6296497,5765760,26732160,9956127778324,0
6296497,7345073,7207200,34122816,11764748872083,0
7345073,8393649,7539840,34369920,13573373599891,0
8393649,9442225,8648640,40965120,15382003960205,0
9442225,10490801,10090080,47056464,17190620487432,0
10490801,11539377,10810800,51663360,18999247626742,0
11539377,12587953,12252240,58496256,20807872753827,0
12587953,13636529,12972960,61471872,22616490859322,0
13636529,14685105,14414400,68787264,24425120877640,0
14685105,15733681,15135120,71245440,26233752344077,0
15733681,16782257,16576560,77995008,28042361266302,0
16782257,17830833,17297280,82252800,29850989283455,0
17830833,18879409,18378360,87091200,31659625771368,0
18879409,19927985,19459440,90994176,33468228760213,0
19927985,20976561,20540520,96768000,35276868909604,0
20976561,22025137,21621600,104993280,37085498671197,0
22025137,23073713,22619520,105753600,38894099214934,0
23073713,24122289,23783760,110826240,40702743924604,0
24122289,25170865,24504480,118879488,42511360952667,0
25170865,26219441,25945920,123919488,44319988898332,0
26219441,27268017,27027000,125798400,46128589946603,0
27268017,28316593,27387360,132088320,47937251868658,0
28316593,29365169,28828800,138116160,49745849022554,0
29365169,30413745,30270240,144789120,51554469517428,0
30413745,31462321,30630600,146240640,53363133489982,0
31462321,32510897,32432400,156281664,55171710959051,0
32510897,33559473,33153120,158505984,56980360247309,0
33559473,34608049,34594560,164828160,58788980248584,0
34608049,35656625,34927200,161638092,60597591734054,0
35656625,36705201,36036000,171714816,62406234585922,0
36705201,37753777,36756720,179988480,64214863564797,0
37753777,38802353,37837800,178113600,66023466146845,0
38802353,39850929,38918880,184923648,67832083921238,0
39850929,40899505,40360320,190466640,69640741171688,0
40899505,41948081,41081040,199987200,71449330997092,0
41948081,42996657,42411600,200933568,73257965850714,0
42996657,44045233,43243200,211653120,75066633759119,0
44045233,45093809,44684640,211341312,76875188088719,0
45093809,46142385,45405360,215517456,78683846985286,0
46142385,47190961,47124000,220776192,80492487233773,0
47190961,48239537,47567520,225227520,82301082798342,0
48239537,49288113,49008960,239645952,84109697225674,0
49288113,50336689,49729680,239984640,85918358205104,0
50336689,51385265,50450400,243125064,87726950676514,0
51385265,52433841,51891840,248814720,89535595152145,0
52433841,53482417,53333280,250967808,91344233839899,0
53482417,54530993,54054000,259983360,93152805347293,0
54530993,55579569,54774720,266273280,94961470427367,0
55579569,56628145,56548800,272125440,96770099368930,0
56628145,57676721,57657600,276773952,98578711379822,0
57676721,58725297,58378320,273232512,100387314750159,0
58725297,59773873,59099040,277385472,102195987650310,0
59773873,60822449,60540480,291876480,104004535798277,0
60822449,61871025,61261200,302230656,105813194617784,0
61871025,62919601,62702640,299980800,107621882070282,0
62919601,63968177,63201600,302361600,109430425522865,0
63968177,65016753,64864800,317604672,111239063208203,0
65016753,66065329,65031120,308551680,113047743628795,0
66065329,67113905,66306240,319527936,114856317462015,0
67113905,68162481,67858560,319904640,116664936939139,0
68162481,69211057,68468400,335811840,118473590785276,0
69211057,70259633,69854400,325841868,120282175659128,0
70259633,71308209,70686000,334264320,122090807706008,0
71308209,72356785,72072000,346155264,123899478278785,0
72356785,73405361,72681840,342835200,125708092052097,0
73405361,74453937,73513440,365783040,127516641496112,0
74453937,75502513,74692800,352755200,129325363555258,0
75502513,76551089,75675600,368101440,131133904370970,0
76551089,77599665,76854960,359976960,132942564352188,0
77599665,78648241,77837760,372782592,134751268687923,0
78648241,79696817,79279200,378194544,136559769770957,0
79696817,80745393,79999920,379975680,138368442293093,0
80745393,81793969,81081000,380540160,140177060108173,0
81793969,82842545,82162080,406425600,141985671238163,0
82842545,83891121,82882800,402974208,143794330346153,0
83891121,84939697,84823200,408348864,145602963876387,0
84939697,85988273,85765680,416785824,147411512671632,0
85988273,87036849,86486400,424972800,149220178108511,0
87036849,88085425,87650640,411402240,151028847946220,0
88085425,89134001,88648560,419973120,152837437982491,0
89134001,90182577,89535600,431758080,154646048507551,0
90182577,91231153,90810720,437987088,156454694059349,0
91231153,92279729,91891800,449971200,158263267254332,0
92279729,93328305,92972880,439971840,160071921110067,0
93328305,94376881,93693600,446033952,161880649956976,0
94376881,95425457,94802400,453720960,163689129727298,0
95425457,96474033,95855760,463095360,165497763381012,0
96474033,97522609,97297200,470136576,167306466798078,0
97522609,98571185,98017920,481178880,169114993649819,0
98571185,99619761,99459360,487710720,170923712822833,0
99619761,100668337,100245600,476407008,172732293766074,0
100668337,101716913,100900800,490109256,174540903213881,0
101716913,102765489,102702600,499968000,176349535562765,0
102765489,103814065,103783680,498605184,178158222837867,0
103814065,104862641,104504400,503717760,179966784011580,0
104862641,105911217,105814800,503717760,181775381583334,0
105911217,106959793,106666560,505919232,183584084651912,0
106959793,108008369,107442720,522547200,185392624652686,0
108008369,109056945,108108000,528353280,187201267451537,0
109056945,110105521,109549440,534643200,189010026264163,0
110105521,111154097,110270160,544465152,190818468257007,0
111154097,112202673,111711600,537298944,192627157939651,0
112202673,113251249,113097600,546393600,194435850581049,0
113251249,114299825,113513400,538793640,196244379599983,0
114299825,115348401,115315200,554089536,198053019034040,0
115348401,116396977,116396280,566092800,199861699411032,0
116396977,117445553,116756640,555278976,201670263583114,0
117445553,118494129,118198080,559173888,203478886468040,0
118494129,119542705,118918800,572602240,205287558381160,0
119542705,120591281,120294720,559173888,207096147185406,0
120591281,121639857,121080960,586051200,208904762069603,0
121639857,122688433,122522400,614210688,210713435414301,0
122688433,123737009,123243120,604961280,212521977456282,0
123737009,124785585,124324200,599961600,214330696484802,0
124785585,125834161,125405280,609638400,216139328995075,0
125834161,126882737,126403200,607104000,217947840183252,0
126882737,127931313,126977760,609638400,219756515269972,0
127931313,128979889,128648520,620524800,221565173539517,0
128979889,130028465,129729600,640250688,223373741557436,0
130028465,131077041,130062240,627056640,225182392526201,0
131077041,132125617,131947200,630140472,226991118021382,0
132125617,133174193,132612480,641571840,228799581682249,0
133174193,134222769,134053920,650280960,230608249583179,0
134222769,135271345,134774640,648333504,232416920124217,0
135271345,136319921,136216080,648333504,234225511603812,0
136319921,137368497,136936800,682456320,236034112812725,0
137368497,138417073,138378240,660280320,237842835109255,0
138417073,139465649,139043520,648614400,239651348443631,0
139465649,140514225,139708800,654249420,241459996018395,0
140514225,141562801,140900760,679311360,243268754678071,0
141562801,142611377,142203600,671623680,245077147882877,0
142611377,143659953,143256960,687398400,246885919398196,0
143659953,144708529,144144000,695036160,248694563568457,0
144708529,145757105,145363680,696729600,250503051846153,0
145757105,146805681,146306160,694643040,252311821813811,0
146805681,147854257,147026880,737372160,254120412462562,0
147854257,148902833,148140720,694643040,255928984436891,0
148902833,149951409,149189040,725953536,257737542845581,0
149951409,150999985,150630480,720370560,259546383690150,0
150999985,152048561,151351200,748077120,261354831920376,0
152048561,153097137,153014400,728524800,263163439563865,0
153097137,154145713,153153000,735920640,264972262889950,0
154145713,155194289,154954800,738786048,266780639356499,0
155194289,156242865,155675520,748500480,268589376523262,0
156242865,157291441,156756600,749952000,270398075698254,0
157291441,158340017,157477320,754790400,272206608994525,0
158340017,159388593,158558400,762392176,274015175158369,0
159388593,160437169,159999840,772208640,275823964894667,0
160437169,161485745,161164080,777807360,277632462852528,0
161485745,162534321,162162000,786449664,279441096611574,0
162534321,163582897,162577800,771379200,281249792472536,0
163582897,164631473,164324160,819302400,283058293779502,0
164631473,165680049,165405240,792529920,284867031568448,0
165680049,166728625,165765600,818947584,286675598045442,0
166728625,167777201,167207040,801964800,288484276527073,0
167777201,168825777,168648480,803525184,290292847859895,0
168825777,169874353,169646400,823179456,292101534866653,0
169874353,170922929,170089920,798819840,293910068703836,0
170922929,171971505,171531360,847016352,295718672777600,0
171971505,173020081,172972800,851612160,297527552477303,0
173020081,174068657,173416320,824878080,299335867282216,0
174068657,175117233,174358800,820340352,301144629673214,0
175117233,176165809,175301280,836075520,302953315484773,0
176165809,177214385,176576400,839529600,304761758079856,0
177214385,178262961,177297120,853493760,306570519285462,0
178262961,179311537,179071200,877443840,308379151550419,0
179311537,180360113,180180000,859674816,310187680908641,0
180360113,181408689,180835200,849945600,311996290011216,0
181408689,182457265,181621440,882926352,313805100387347,0
182457265,183505841,183284640,870912000,315613570672544,0
183505841,184554417,183783600,929940480,317422219783165,0
184554417,185602993,184864680,880588800,319230879528961,0
185602993,186651569,185945760,894136320,321039396101590,0
186651569,187700145,187387200,899147808,322848087334887,0
187700145,188748721,188107920,907441920,324656891322331,0
188748721,189797297,189604800,914643840,326465244461669,0
189797297,190845873,190270080,911635200,328273943927389,0
190845873,191894449,191711520,941129280,330082624729317,0
191894449,192943025,192931200,910656000,331891182002558,0
192943025,193991601,193818240,916531200,333699925001559,0
193991601,195040177,194594400,955438848,335508494138388,0
195040177,196088753,196035840,964244736,337317029890560,0
196088753,197137329,196756560,931279680,339125660612344,0
197137329,198185905,197920800,961813440,340934481806995,0
198185905,199234481,198918720,983162880,342742918706790,0
199234481,200283057,199999800,949939200,344551524574944,0
200283057,201331633,201080880,967938048,346360279622601,0
201331633,202380209,201801600,984077640,348168766486949,0
202380209,203428785,203243040,975421440,349977424929664,0
203428785,204477361,203575680,962357760,351786268985993,0
204477361,205525937,205405200,1033267200,353594657419845,0
205525937,206574513,205931880,970444800,355403271463316,0
206574513,207623089,207567360,998186112,357212034750620,0
207623089,208671665,208288080,997686144,359020496806904,0
208671665,209720241,209008800,1023684480,360829268427874,0
209720241,210768817,210672000,992908800,362637850411049,0
210768817,211817393,211629600,1023684480,364446356423368,0
211817393,212865969,211891680,1016064000,366255139648457,0
212865969,213914545,213333120,1015822080,368063737127870,0
213914545,214963121,214885440,1053388800,369872323974213,0
214963121,216011697,215495280,1019506176,371680838761099,0
216011697,217060273,216216000,1065093120,373489793869980,0
217060273,218108849,218045520,1037076480,375298033907551,0
218108849,219157425,219098880,1071383040,377106801943940,0
219157425,220206001,219819600,1041016704,378915698661511,0
220206001,221254577,220540320,1106493696,380723916399496,0
221254577,222303153,221621400,1049932800,382532700746642,0
222303153,223351729,222768000,1042554240,384341304478264,0
223351729,224400305,223423200,1091930112,386149897281460,0
224400305,225448881,224864640,1075161600,387958589014972,0
225448881,226497457,226195200,1094929920,389767271352767,0
226497457,227546033,227026800,1113506856,391575745585006,0
227546033,228594609,227747520,1065093120,393384441179351,0
228594609,229643185,229188960,1097349120,395193151622533,0
229643185,230691761,230630400,1108720704,397001623982099,0
230691761,231740337,231739200,1089131680,398810288574000,0
231740337,232788913,232071840,1129355136,400619007683110,0
232788913,233837489,232792560,1169925120,402427490732796,0
233837489,234886065,233906400,1122115680,404236157928777,0
234886065,235934641,235620000,1105296192,406045001772279,0
235934641,236983217,236396160,1122750720,407853335505752,0
236983217,238031793,237837600,1163675520,409661974887996,0
238031793,239080369,238918680,1138406400,411470763961572,0
239080369,240128945,239639400,1157738400,413279246797044,0
240128945,241177521,240332400,1132903680,415087966512369,0
241177521,242226097,242161920,1174400640,416896646017404,0
242226097,243274673,242272800,1169925120,418705074841023,0
243274673,244323249,243374040,1132185600,420513782844633,0
244323249,245371825,245044800,1238170752,422322522139140,0
245371825,246420401,245987280,1166711040,424131011171153,0
246420401,247468977,246486240,1229437440,425939566082805,0
247468977,248517553,247927680,1176215040,427748409421403,0
248517553,249566129,248648400,1239920640,429556868391668,0
249566129,250614705,250614000,1179674496,431365536122519,0
250614705,251663281,250810560,1228953600,433174387276458,0
251663281,252711857,252252000,1223468064,434982660503532,0
252711857,253760433,252806400,1216588800,436791461702865,0
253760433,254809009,253955520,1228953600,438600052607524,0
254809009,255857585,255134880,1219276800,440408587730532,0
255857585,256906161,256183200,1228421376,442217352939966,0
256906161,257954737,257297040,1282417920,444025975749805,0
257954737,259003313,258410880,1202947200,445834376347204,0
259003313,260051889,259459200,1285542720,447643139457766,0
260051889,261100465,260124480,1264066560,449451913888113,0
261100465,262149041,261424800,1246795200,451260415592268,0
262149041,263197617,262951920,1244491776,453068935028111,0
263197617,264246193,263894400,1265242680,454877900652221,0
264246193,265294769,265224960,1285659648,456686103149747,0
265294769,266343345,265945680,1270418688,458494863245528,0
266343345,267391921,266666400,1296667008,460303734622986,0
267391921,268440497,268107840,1310883840,462112027146347,0
268440497,269489073,268606800,1328486400,463920753105038,0
269489073,270537649,269549280,1317580992,465729453617103,0
270537649,271586225,270990720,1283143680,467538087946628,0
271586225,272634801,272432160,1317580992,469346621869264,0
272634801,273683377,273319200,1316165760,471155402233168,0
273683377,274731953,273873600,1375745280,472963772446495,0
274731953,275780529,275675400,1361162880,474772495468481,0
275780529,276829105,276756480,1320883200,476581220797148,0
276829105,277877681,277477200,1325932062,478389760302896,0
277877681,278926257,278918640,1330914816,480198389067980,0
278926257,279974833,279417600,1311064524,482007041651737,0
279974833,281023409,280687680,1324389528,483815633257009,0
281023409,282071985,281801520,1403910144,485624092428287,0
282071985,283120561,282744000,1369405440,487433228836016,0
283120561,284169137,283242960,1319915520,489241309240715,0
284169137,285217713,284407200,1364912640,491050150277017,0
285217713,286266289,285405120,1373440992,492858949173101,0
286266289,287314865,286513920,1377492480,494667226334747,0
287314865,288363441,287567280,1424908800,496476113525115,0
288363441,289412017,289396800,1371965760,498284637698285,0
289412017,290460593,290089800,1389286080,500093213729984,0
290460593,291509169,290727360,1404518400,501901790470896,0
291509169,292557745,291891600,1411701312,503710720761521,0
292557745,293606321,292612320,1411693920,505519112136930,0
293606321,294654897,294053760,1480550400,507327619829658,0
294654897,295703473,295495200,1433158272,509136474942689,0
295703473,296752049,296281440,1411693920,510944837947423,0
296752049,297800625,296881200,1431651672,512753742515058,0
297800625,298849201,298378080,1475324928,514562479575242,0
298849201,299897777,299098800,1410409728,516370662301928,0
299897777,300946353,300736800,1433158272,518179579364389,0
300946353,301994929,301260960,1463978880,519988205584527,0
301994929,303043505,302702400,1508028480,521796662253031,0
303043505,304092081,303478560,1452028032,523605328619995,0
304092081,305140657,304864560,1451907072,525414115776969,0
305140657,306189233,305474400,1462406400,527222452232474,0
306189233,307237809,306306000,1520902656,529031313962873,0
307237809,308286385,308107800,1512403200,530840016692427,0
308286385,309334961,309188880,1448657280,532648516604160,0
309334961,310383537,309909600,1501403904,534457045644041,0
310383537,311432113,311351040,1499936256,536265843520785,0
311432113,312480689,312432120,1485388800,538074270612115,0
312480689,313529265,313513200,1549900800,539882865539776,0
313529265,314577841,313845840,1477833984,541691837778041,0
314577841,315626417,314954640,1559900160,543500164197106,0
315626417,316674993,316008000,1521561600,545308763006147,0
316674993,317723569,317444400,1549900800,547117652256784,0
317723569,318772145,318558240,1553924736,548925958169530,0
318772145,319820721,318918600,1499904000,550734823165762,0
319820721,320869297,319999680,1556674560,552543454283698,0
320869297,321917873,321330240,1513588032,554351917537602,0
321917873,322966449,322328160,1580705280,556160590788934,0
322966449,324015025,323013600,1535526720,557969291236794,0
324015025,325063601,324324000,1598268672,559777954129979,0
325063601,326112177,325155600,1594183680,561586333075594,0
326112177,327160753,326541600,1559900160,563395232262671,0
327160753,328209329,327983040,1580083200,565203562194686,0
328209329,329257905,328648320,1645056000,567012384482019,0
329257905,330306481,329868000,1573030368,568821267860968,0
330306481,331355057,330810480,1637895168,570629380368389,0
331355057,332403633,331531200,1650894336,572438262537310,0
332403633,333452209,332972640,1604746080,574246849264438,0
333452209,334500785,334414080,1607074560,576055398416587,0
334500785,335549361,335134800,1653227520,577864155031131,0
335549361,336597937,336117600,1592398080,579672770938523,0
336597937,337646513,336936600,1620833760,581481337227533,0
337646513,338695089,338607360,1607074560,583289880328864,0
338695089,339743665,339292800,1652840640,585098777617047,0
339743665,340792241,340540200,1620833760,586907103948024,0
340792241,341840817,341621280,1625702400,588715769167664,0
341840817,342889393,342342000,1689891840,590524635060183,0
342889393,343937969,343062720,1707477408,592332954995706,0
343937969,344986545,344282400,1637895168,594141754281796,0
344986545,346035121,345945600,1704890880,595950571931923,0
346035121,347083697,346832640,1652990976,597758788990778,0
347083697,348132273,348107760,1709890560,599567520425206,0
348132273,349180849,348717600,1667143296,601376415968596,0
349180849,350229425,349188840,1741824000,603184639665374,0
350229425,351278001,350602560,1685422080,604993487987957,0
351278001,352326577,351711360,1657393920,606802325567266,0
352326577,353375153,353152800,1706140800,608610510565036,0
353375153,354423729,353928960,1677715200,610419286871954,0
354423729,355472305,355314960,1754887680,612228087064448,0
355472305,356520881,356035680,1726583040,614036625475848,0
356520881,357569457,356756400,1732121776,615845041294572,0
357569457,358618033,358142400,1768815360,617654064932961,0
358618033,359666609,358918560,1706987520,619462317547197,0
359666609,360715185,360360000,1732995264,621270933045237,0
360715185,361763761,360914400,1709890560,623079995588744,0
361763761,362812337,362161800,1699891200,624888136661634,0
362812337,363860913,363242880,1772804880,626697065881474,0
363860913,364909489,364684320,1756774656,628505543287692,0
364909489,365958065,365765400,1736607600,630314163970553,0
365958065,367006641,366569280,1755648000,632122939057965,0
367006641,368055217,367567200,1889879040,633931479747374,0
368055217,369103793,368676000,1747811520,635739937620987,0
369103793,370152369,369729360,1819883520,637548630029713,0
370152369,371200945,371170800,1746221568,639357494564632,0
371200945,372249521,371891520,1802465280,641165853450348,0
372249521,373298097,372972600,1814883840,642974543887216,0
373298097,374346673,373332960,1788145632,644783383194334,0
374346673,375395249,374774400,1805375520,646591653361070,0
375395249,376443825,376215840,1844156160,648400341517032,0
376443825,377492401,376576200,1800926400,650209465706106,0
377492401,378540977,378378000,1852381440,652017555528506,0
378540977,379589553,379209600,1836489600,653826137718734,0
379589553,380638129,379819440,1871880192,655635137051919,0
380638129,381686705,380933280,1844156160,657443406474376,0
381686705,382735281,381981600,1842632064,659252309629672,0
382735281,383783857,383423040,1897197120,661060854099934,0
383783857,384832433,384274800,1859880960,662869198771428,0
384832433,385881009,384864480,1828915200,664678105352617,0
385881009,386929585,385945560,1877087520,666486803405808,0
386929585,387978161,387616320,1843430400,668295216804827,0
387978161,389026737,387987600,1859880960,670103901319815,0
389026737,390075313,389188800,1926043392,671912795338320,0
390075313,391123889,390186720,1896846336,673720937781683,0
391123889,392172465,392071680,1930376448,675529813602192,0
392172465,393221041,392792400,1846965120,677338722736680,0
393221041,394269617,393513120,1892600640,679146934052500,0
394269617,395318193,395287200,1871880192,680955490249931,0
395318193,396366769,395841600,1938893760,682764566264418,0
396366769,397415345,397116720,1949875200,684572813668906,0
397415345,398463921,397837440,1974067200,686381544488690,0
398463921,399512497,399016800,1870192800,688190219754005,0
399512497,400561073,399999600,1963207680,689998726701856,0
400561073,401609649,400982400,1928314080,691807285869364,0
401609649,402658225,402161760,1967099904,693616218302049,0
402658225,403706801,403603200,1972014408,695424824890478,0
403706801,404755377,404323920,1994872320,697232923030050,0
404755377,405803953,405266400,1930376448,699042291135527,0
405803953,406852529,406486080,1966325760,700850268780030,0
406852529,407901105,407151360,1928489472,702659228353677,0
407901105,408949681,408648240,1946781648,704467987511168,0
408949681,409998257,409978800,1992729600,706276196339226,0
409998257,411046833,410810400,2099865600,708085121322881,0
411046833,412095409,411863760,2005585920,709893686407096,0
412095409,413143985,412120800,1945000512,711702281315227,0
413143985,414192561,413693280,1976371488,713510926893810,0
414192561,415241137,414414000,2027870208,715319669696385,0
415241137,416289713,416215800,1974092400,717127920985030,0
416289713,417338289,416576160,2027555712,718936783869471,0
417338289,418386865,418017600,2063617920,720745633999304,0
418386865,419435441,418461120,2001438720,722553860211478,0
419435441,420484017,419459040,1991485440,724362653845343,0
420484017,421532593,420789600,1994872320,726171386583390,0
421532593,422581169,421621200,2042824608,727979746403359,0
422581169,423629745,422702280,2090188800,729788424032612,0
423629745,424678321,424504080,2079866880,731597661508445,0
424678321,425726897,425224800,2047368960,733405529697390,0
425726897,426775473,426666240,2035627776,735214287265901,0
426775473,427824049,427664160,2016705600,737023218464489,0
427824049,428872625,428828400,2153393424,738831398265042,0
428872625,429921201,429770880,2115072000,740640526320539,0
429921201,430969777,430768800,2030495040,742448845979621,0
430969777,432018353,431350920,2085652800,744257426392444,0
432018353,433066929,432432000,2138572800,746066146178109,0
433066929,434115505,433540800,2122578432,747874990214596,0
434115505,435164081,434397600,2058618240,749683322303853,0
435164081,436212657,436091040,2107607040,751491825566595,0
436212657,437261233,436756320,2072770560,753300851041625,0
437261233,438309809,438197760,2144862720,755109049732576,0
438309809,439358385,438918480,2137363200,756917859853729,0
439358385,440406961,439639200,2115614592,758726894665903,0
440406961,441455537,441080640,2230550784,760534912478100,0
441455537,442504113,442411200,2154326400,762343748675733,0
442504113,443552689,443242800,2169861120,764152435213437,0
443552689,444601265,444422160,2137363200,765960997045732,0
444601265,445649841,445044600,2123971200,767769515454619,0
445649841,446698417,446292000,2097373824,769578468322366,0
446698417,447746993,446846400,2201192448,771386849738543,0
447746993,448795569,448156800,2142571200,773195443446853,0
448795569,449844145,449729280,2154539520,775004227225535,0
449844145,450892721,450450000,2115614592,776812651098656,0
450892721,451941297,451891440,2216524800,778621346540124,0
451941297,452989873,452390400,2192002560,780430128050984,0
452989873,454038449,453332880,2222857728,782238471013837,0
454038449,455087025,454053600,2262933288,784047244642221,0
455087025,456135601,455217840,2198430720,785856099362282,0
456135601,457184177,456674400,2149737408,787664365544988,0
457184177,458232753,458211600,2214144000,789473033847742,0
458232753,459281329,458377920,2212116480,791281974787555,0
459281329,460329905,459459000,2264371200,793090112805971,0
460329905,461378481,461260800,2217983040,794899133335333,0
461378481,462427057,461815200,2193609600,796708009743612,0
462427057,463475633,462702240,2194698240,798515939618125,0
463475633,464524209,464143680,2276636544,800324736927964,0
464524209,465572785,464864400,2273187840,802133563757090,0
465572785,466621361,465585120,2377589760,803942100016813,0
466621361,467669937,467026560,2247557760,805750703822573,0
467669937,468718513,467812800,2262042720,807559530496905,0
468718513,469767089,469188720,2279854080,809367854944058,0
469767089,470815665,470269800,2268604800,811176537559524,0
470815665,471864241,471350880,2235340800,812985745851229,0
471864241,472912817,472431960,2322432000,814793421615037,0
472912817,473961393,473513040,2238356736,816602530404023,0
473961393,475009969,474012000,2283240960,818411295779873,0
475009969,476058545,475675200,2345822080,820219471735445,0
476058545,477107121,476166600,2268604800,822028556302383,0
477107121,478155697,477837360,2352706560,823836988672465,0
478155697,479204273,478951200,2252105856,825645592957415,0
479204273,480252849,479278800,2392659360,827453944611311,0
480252849,481301425,480720240,2339850240,829263203681142,0
481301425,482350001,482328000,2282342400,831071453568835,0
482350001,483398577,482882400,2320351488,832879924217957,0
483398577,484447153,484323840,2351099520,834689082170653,0
484447153,485495729,484545600,2358420480,836497115614840,0
485495729,486544305,486486000,2365848576,838305906633639,0
486544305,487592881,486748080,2339850240,840114854651304,0
487592881,488641457,487733400,2333422080,841923142887473,0
488641457,489690033,488648160,2316625920,843731665577902,0
489690033,490738609,490089600,2486090880,845540634607221,0
490738609,491787185,491531040,2342366208,847349050913668,0
491787185,492835761,491974560,2371057920,849157672182394,0
492835761,493884337,492972480,2478389760,850966628880417,0
493884337,494932913,494802000,2381633280,852774681944699,0
494932913,495981489,495855360,2357042688,854583624152647,0
495981489,497030065,496215720,2379767040,856392196805159,0
497030065,498078641,497296800,2519838720,858200952718353,0
498078641,499127217,498405600,2339850240,860009353525301,0
499127217,500175793,499458960,2388651804,861818305504750,0
500175793,501224369,500623200,2351099520,863626483578670,0
501224369,502272945,501621120,2467584000,865435317048942,0
502272945,503321521,502341840,2456842752,867244351433629,0
503321521,504370097,504176400,2352835520,869052159137751,0
504370097,505418673,504504000,2466356256,870861400543031,0
505418673,506467249,505612800,2435558400,872669981075378,0
506467249,507515825,506666160,2469841920,874478275809836,0
507515825,508564401,508107600,2479841280,876287056631894,0
508564401,509612977,508939200,2476341504,878095853330553,0
509612977,510661553,510269760,2457907200,879904190082388,0
510661553,511710129,511295400,2381633280,881712781931992,0
511710129,512758705,512366400,2476341504,883521858870977,0
512758705,513807281,513513000,2515968000,885330163393014,0
513807281,514855857,514594080,2606204160,887138696064175,0
514855857,515904433,515380320,2458874880,888947577422315,0
515904433,516953009,516146400,2437344000,890755991034148,0
516953009,518001585,517935600,2479841280,892564680946553,0
518001585,519050161,518918400,2576126784,894373808780687,0
519050161,520098737,519306480,2506982400,896181555140192,0
520098737,521147313,520248960,2538086400,897990529468213,0
521147313,522195889,522161640,2502783360,899799375844691,0
522195889,523244465,522522000,2534837760,901607701225145,0
523244465,524293041,523783260,2458874880,903416387675429,0
524293041,525341617,524684160,2489671080,905225257044818,0
525341617,526390193,525903840,2529128448,907033423211809,0
526390193,527438769,526846320,2573835264,908842280185841,0
527438769,528487345,527567040,2539837440,910651421483106,0
528487345,529535921,529074000,2534837760,912459326217107,0
529535921,530584497,529729200,2583168000,914268104461767,0
530584497,531633073,530893440,2532578400,916076907377237,0
531633073,532681649,531891360,2581818624,917885324402232,0
532681649,533730225,532972440,2612736000,919693981393084,0
533730225,534778801,534053520,2614118400,921503155439881,0
534778801,535827377,535550400,2585191680,923311157719456,0
535827377,536875953,536215680,2632089600,925119794929745,0
536875953,537924529,537213600,2699827200,926928660343541,0
537924529,538973105,537984720,2564835840,928736985535422,0
538973105,540021681,539098560,2656075968,930546008412655,0
540021681,541070257,540540000,2645153280,932354511654123,0
541070257,542118833,541926000,2607261696,934162895374719,0
542118833,543167409,542505600,2571085440,935971733225490,0
543167409,544215985,543422880,2589874560,937780385230027,0
544215985,545264561,544864320,2656075968,939588887035982,0
545264561,546313137,545781600,2559211200,941397268055661,0
546313137,547361713,547026480,2659829760,943206534662678,0
547361713,548410289,547747200,2762323200,945014494322009,0
548410289,549458865,549188640,2601123840,946823280576423,0
549458865,550507441,549853920,2634508800,948632707035950,0
550507441,551556017,551350800,2813069952,950440329415475,0
551556017,552604593,552464640,2571319296,952249302125474,0
552604593,553653169,553014000,2646259200,954058022363192,0
553653169,554701745,554677200,2656972800,955866371634868,0
554701745,555750321,554954400,2694636126,957675186050928,0
555750321,556798897,556063200,2632331520,959484005052450,0
556798897,557847473,557837280,2704762368,961292258609568,0
557847473,558896049,558558000,2703826944,963100842966683,0
558896049,559944625,559833120,2635161984,964909893251579,0
559944625,560993201,559999440,2707326720,966718213493330,0
560993201,562041777,561440880,2729825280,968526879648263,0
562041777,563090353,562161600,2766608640,970335836825736,0
563090353,564138929,563603040,2853107712,972143886639553,0
564138929,565187505,564323760,2729825280,973952824759856,0
565187505,566236081,565488000,2749593600,975761823761768,0
566236081,567284657,566485920,2682408960,977569838748559,0
567284657,568333233,567567000,2711348640,979378354259648,0
568333233,569381809,568814400,2751490560,981187545758283,0
569381809,570430385,569729160,2786918400,982995694345976,0
570430385,571478961,570810240,2757696480,984804688192831,0
571478961,572527537,571771200,2714451264,986613330416508,0
572527537,573576113,572972400,2789821440,988421496217029,0
573576113,574624689,573970320,2748038400,990230513526056,0
574624689,575673265,575134560,2895782400,992039118561211,0
575673265,576721841,575855280,2807820288,993847705013928,0
576721841,577770417,577296720,2722325760,995655971726128,0
577770417,578818993,578793600,2754734400,997465199428670,0
578818993,579867569,579625200,2789821440,999273284175047,0
579867569,580916145,580179600,2871191232,1001081960681813,0
580916145,581964721,581454720,2820096000,1002891212812141,0
581964721,583013297,581981400,2924812800,1004699191999647,0
583013297,584061873,583783200,2868941376,1006508043135513,0
584061873,585110449,584337600,2830104576,1008316743087788,0
585110449,586159025,585224640,2845795680,1010125153068528,0
586159025,587207601,586666080,2781559872,1011933975102657,0
587207601,588256177,588107520,2966906880,1013742574607415,0
588256177,589304753,588828240,2859816960,1015550891727917,0
589304753,590353329,589881600,2817163440,1017359783487961,0
590353329,591401905,590990400,2889065088,1019168763936570,0
591401905,592450481,592431840,2804336640,1020976787920852,0
592450481,593499057,592562880,2845795680,1022785388061984,0
593499057,594547633,593762400,2909485656,1024594830391323,0
594547633,595596209,594594000,2881482240,1026402410088666,0
595596209,596644785,595675080,2903040000,1028211542988724,0
596644785,597693361,596756160,2974067712,1030020589757318,0
597693361,598741937,598197600,2866316544,1031828532056035,0
598741937,599790513,599417280,2844149760,1033637218264838,0
599790513,600839089,600359760,2924812800,1035446171880975,0
600839089,601887665,601473600,2889065088,1037254627570480,0
601887665,602936241,602521920,2951195520,1039063172425598,0
602936241,603984817,603242640,2911813632,1040872178507081,0
603984817,605033393,604628640,2823387840,1042680136844269,0
605033393,606081969,605404800,3027931200,1044489064899946,0
606081969,607130545,606957120,2927104128,1046297923710685,0
607130545,608179121,607899600,2922670080,1048106422246590,0
608179121,609227697,608842080,2896508160,1049914929269994,0
609227697,610276273,609729120,2950649856,1051723718386084,0
610276273,611324849,610948800,2948025600,1053532240604830,0
611324849,612373425,612057600,2922670080,1055340697873497,0
612373425,613422001,612612000,3090866688,1057150046457666,0
613422001,614470577,614053440,2949488640,1058957710508622,0
614470577,615519153,614839680,2961100800,1060766694454862,0
615519153,616567729,616215600,3125633280,1062575595510118,0
616567729,617616305,616936320,2887073280,1064383680694913,0
617616305,618664881,617795640,2985984000,1066192864857412,0
618664881,619713457,618710400,2938383360,1068001182656495,0
619713457,620762033,619819200,3026639616,1069809825957488,0
620762033,621810609,621621000,3019161600,1071618347809012,0
621810609,622859185,622036800,3016056960,1073427400205790,0
622859185,623907761,623750400,2958021612,1075235755392518,0
623907761,624956337,624864240,3069803520,1077044055002084,0
624956337,626004913,625584960,3035515392,1078853261502263,0
626004913,627053489,627026400,3149798400,1080661131661604,0
627053489,628102065,627691680,3003340032,1082470457878849,0
628102065,629150641,628634160,3008378880,1084279226588120,0
629150641,630199217,629909280,3170119680,1086087155469068,0
630199217,631247793,630630000,3013978968,1087896264671751,0
631247793,632296369,632016000,3055104000,1089705091453640,0
632296369,633344945,632923200,3016056960,1091513009085960,0
633344945,634393521,634233600,3067577968,1093321865837774,0
634393521,635442097,634888800,3149798400,1095130910534556,0
635442097,636490673,635675040,3073593600,1096938857505252,0
636490673,637539249,637116480,3132514944,1098747860358736,0
637539249,638587825,637837200,3099801600,1100556778345107,0
638587825,639636401,639038400,3016056960,1102365081266276,0
639636401,640684977,639999360,3125606400,1104173464404043,0
640684977,641733553,641440800,3071053440,1105982623553809,0
641733553,642782129,642660480,3039094080,1107790644284310,0
642782129,643830705,643242600,3206044800,1109599477713520,0
643830705,644879281,644656320,3186501120,1111408750421932,0
644879281,645927857,645765120,3058670160,1113216646042464,0
645927857,646976433,646485840,3136942080,1115025469710642,0
646976433,648025009,647927280,3119800320,1116834263537502,0
648025009,649073585,648648000,3221906688,1118642389371732,0
649073585,650122161,649368720,3158797824,1120451488251506,0
650122161,651170737,650311200,3239792640,1122260201195945,0
651170737,652219313,651596400,3064236912,1124068358824957,0
652219313,653267889,653083200,3144560640,1125877096752554,0
653267889,654316465,654136560,3119800320,1127685944541832,0
654316465,655365041,655134480,3085302528,1129494605147706,0
655365041,656413617,655855200,3177991908,1131302915022206,0
656413617,657462193,657296640,3296563200,1133111908719373,0
657462193,658510769,658377720,3128479200,1134919867906175,0
658510769,659559345,659458800,3203128320,1136729029615272,0
659559345,660607921,659736000,3171029472,1138538269873668,0
660607921,661656497,661620960,3328625664,1140345803629636,0
661656497,662705073,662563440,3175511040,1142154763244912,0
662705073,663753649,663062400,3314787840,1143963627074214,0
663753649,664802225,664448400,3188367360,1145771829456766,0
664802225,665850801,664864200,3176046720,1147580795529624,0
665850801,666899377,665945280,3234964320,1149389764290142,0
666899377,667947953,667275840,3160166400,1151197729829380,0
667947953,668996529,668828160,3217294080,1153006306850169,0
668996529,670045105,669438000,3175511040,1154815478964195,0
670045105,671093681,670269600,3359784960,1156623755240438,0
671093681,672142257,671517000,3234816000,1158432269823665,0
672142257,673190833,672235200,3210072320,1160241313398490,0
673190833,674239409,673873200,3349723104,1162049235475539,0
674239409,675287985,674593920,3252363840,1163858502101477,0
675287985,676336561,676035360,3199839552,1165667416475030,0
676336561,677385137,677214720,3217294080,1167475244140870,0
677385137,678433713,677476800,3301788672,1169284077908152,0
678433713,679482289,678585600,3312163008,1171093165339723,0
679482289,680530865,679999320,3309465600,1172901155795376,0
680530865,681579441,681080400,3349723104,1174710030524497,0
681579441,682628017,681801120,3220753536,1176519081250254,0
682628017,683676593,683242560,3277209600,1178326935486830,0
683676593,684725169,684684000,3434296320,1180135873374403,0
684725169,685773745,685011600,3254791680,1181944694045306,0
685773745,686822321,686125440,3428399520,1183753350602412,0
686822321,687870897,687566880,3319481088,1185561317916218,0
687870897,688919473,688564800,3301788672,1187370927656544,0
688919473,689968049,689729040,3324787200,1189178916074592,0
689968049,691016625,690580800,3301788672,1190987483416532,0
691016625,692065201,691891200,3411448320,1192796842180654,0
692065201,693113777,692722800,3321216000,1194604541985421,0
693113777,694162353,693665280,3309216768,1196413613590853,0
694162353,695210929,694643040,3278499840,1198222268362724,0
695210929,696259505,696215520,3474938880,1200030765620862,0
696259505,697308081,697296600,3327287040,1201839638977344,0
697308081,698356657,697435200,3360749184,1203648030307190,0
698356657,699405233,698377680,3599769600,1205456470099814,0
699405233,700453809,699791400,3241667520,1207265082219864,0
700453809,701502385,701205120,3384115200,1209074302925537,0
701502385,702550961,701719200,3394399932,1210882364626682,0
702550961,703599537,702702000,3398353920,1212691107019352,0
703599537,704648113,704503800,3509775360,1214500177182138,0
704648113,705696689,704864160,3332689920,1216308031933297,0
705696689,706745265,706305600,3439363200,1218116979852272,0
706745265,707793841,706860000,3400911360,1219926243304716,0
707793841,708842417,707857920,3358713600,1221733789260242,0
708842417,709890993,709188480,3454617600,1223542657781000,0
709890993,710939569,710629920,3566384640,1225352066895796,0
710939569,711988145,711350640,3419781120,1227159890770132,0
711988145,713036721,712071360,3480572160,1228969134549675,0
713036721,714085297,713512800,3520118448,1230777432943502,0
714085297,715133873,714954240,3431780352,1232585692317615,0
715133873,716182449,715342320,3419781120,1234394632372612,0
716182449,717231025,716284800,3551558400,1236203720077290,0
717231025,718279601,717837120,3441070080,1238011708309132,0
718279601,719328177,718918200,3562272000,1239820437793072,0
719328177,720376753,719999280,3457778688,1241629297297633,0
720376753,721425329,721080360,3483648000,1243437640870422,0
721425329,722473905,721828800,3446922240,1245246098277053,0
722473905,723522481,722882160,3509775360,1247055624118398,0
723522481,724571057,724323600,3513108480,1248863387518286,0
724571057,725619633,725109840,3419781120,1250671991541028,0
725619633,726668209,726485760,3552561936,1252481536169261,0
726668209,727716785,726818400,3599769600,1254289202018184,0
727716785,728765361,727927200,3480527232,1256098144571850,0
728765361,729813937,729368640,3541434624,1257906789428554,0
729813937,730862513,730122120,3483648000,1259715441328421,0
730862513,731911089,731530800,3588989040,1261523791044426,0
731911089,732959665,732306960,3480848640,1263332979503404,0
732959665,734008241,733138560,3525120000,1265141415928129,0
734008241,735056817,734191920,3509775360,1266949526681287,0
735056817,736105393,735134400,3809756160,1268759013590697,0
736105393,737153969,736575840,3482178336,1270566586821471,0
737153969,738202545,737296560,3546439680,1272375888704129,0
738202545,739251121,738738000,3548772864,1274184793604751,0
739251121,740299697,739458720,3698472960,1275992554799897,0
740299697,741348273,740703600,3588989040,1277801837330372,0
741348273,742396849,742341600,3548772864,1279610188625947,0
742396849,743445425,742618800,3542630400,1281418767978562,0
743445425,744494001,743783040,3619123200,1283227558415166,0
744494001,745542577,745224480,3513549312,1285036449894625,0
745542577,746591153,745945200,3750759936,1286844488979212,0
746591153,747639729,747386640,3626767872,1288653435297212,0
747639729,748688305,748107360,3535902720,1290462453963968,0
748688305,749736881,749548800,3617830944,1292270174510635,0
749736881,750785457,749770560,3511296000,1294079298017985,0
750785457,751834033,751045680,3565486080,1295888004188432,0
751834033,752882609,752099040,3723148800,1297696382509349,0
752882609,753931185,753152400,3721914560,1299504848479164,0
753931185,754979761,753984000,3584984832,1301314464385105,0
754979761,756028337,755554800,3533773824,1303122039388026,0
756028337,757076913,756756000,3764517120,1304930813707114,0
757076913,758125489,757753920,3581521920,1306739811031350,0
758125489,759174065,758696400,3691531584,1308547862081244,0
759174065,760222641,759638880,3804143616,1310357230517745,0
760222641,761271217,761080320,3657265920,1312165696688130,0
761271217,762319793,761866560,3717584640,1313973859703239,0
762319793,763368369,762521760,3652242048,1315782648788096,0
763368369,764416945,763963200,3714512256,1317591631156545,0
764416945,765465521,765404640,3688312320,1319399979098440,0
765465521,766514097,765765000,3684320640,1321208192954617,0
766514097,767562673,766846080,3809332800,1323017919837853,0
767562673,768611249,768549600,3779758080,1324825222682798,0
768611249,769659825,769063680,3614446080,1326634433366621,0
769659825,770708401,769728960,3686860800,1328444227753862,0
770708401,771756977,770810040,3715891200,1330251197878394,0
771756977,772805553,771891120,3879314208,1332060273798453,0
772805553,773854129,772833600,3714512256,1333869141904114,0
773854129,774902705,774774000,3717762048,1335677609109070,0
774902705,775951281,775232640,3701376000,1337486151907974,0
775951281,776999857,775975200,3779758080,1339294894112814,0
776999857,778048433,777546000,3704762880,1341103378818004,0
778048433,779097009,778377600,3867252480,1342911946637280,0
779097009,780145585,779098320,3743760384,1344720859755221,0
780145585,781194161,780373440,3823801344,1346529385837279,0
781194161,782242737,781981200,3828254976,1348337960431770,0
782242737,783291313,783029520,3704762880,1350146862341731,0
783291313,784339889,784143360,3862639872,1351954941612688,0
784339889,785388465,785257200,3719761920,1353763779004691,0
785388465,786437041,785584800,3753509760,1355572976920722,0
786437041,787485617,787386600,3899750400,1357380860383010,0
787485617,788534193,787913280,3794394240,1359189465398524,0
788534193,789582769,789188400,3823088640,1360998627662726,0
789582769,790631345,790269480,3832012800,1362806619543558,0
790631345,791679921,791350560,3811256064,1364615802569519,0
791679921,792728497,791683200,3893054400,1366424688846726,0
792728497,793777073,792792000,3836554176,1368232420311623,0
793777073,794825649,794233440,3962649600,1370041350780947,0
794825649,795874225,795674880,3955875840,1371850317220672,0
795874225,796922801,796395600,3950586432,1373658707504087,0
796922801,797971377,797837040,3821755392,1375467079543742,0
797971377,799019953,798033600,3770071200,1377276213854683,0
799019953,800068529,799999200,3989744640,1379084433817460,0
800068529,801117105,801080280,3826310400,1380893063555582,0
801117105,802165681,801964800,3864190176,1382702694808866,0
802165681,803214257,802992960,3792199680,1384509772133156,0
803214257,804262833,803325600,3879314208,1386319139476393,0
804262833,805311409,804323520,3965423616,1388127974942248,0
805311409,806359985,805820400,4018671360,1389936095753253,0
806359985,807408561,807206400,3947887944,1391745241962621,0
807408561,808457137,807927120,3899750400,1393553611174814,0
808457137,809505713,808647840,4054095360,1395361999517105,0
809505713,810554289,810532800,3891393792,1397170510792108,0
810554289,811602865,810810000,3937289664,1398979919845903,0
811602865,812651441,812251440,3899750400,1400787929533710,0
812651441,813700017,812972160,3948134400,1402596377171767,0
813700017,814748593,814413600,3890001024,1404405841420129,0
814748593,815797169,814773960,4033411200,1406213581699456,0
815797169,816845745,816354000,3862609920,1408022710621371,0
816845745,817894321,817296480,3956362704,1409831489631165,0
817894321,818942897,818072640,3902805504,1411639540218344,0
818942897,819991473,819957600,4049740800,1413448339279757,0
819991473,821040049,820900080,3977745408,1415257447946155,0
821040049,822088625,821620800,4233062400,1417065543413586,0
822088625,823137201,822452400,3896893440,1418874270542489,0
823137201,824185777,823727520,4075868160,1420683151456199,0
824185777,825234353,824241600,3920874048,1422491131464502,0
825234353,826282929,825355440,3921177600,1424300444857770,0
826282929,827331505,827026200,4094737920,1426108741438991,0
827331505,828380081,827386560,3984113952,1427917760713987,0
828380081,829428657,828828000,4121155584,1429725759448529,0
829428657,830477233,830269440,3995671680,1431535261348072,0
830477233,831525809,831267360,3951763200,1433342887919299,0
831525809,832574385,832431600,4079790960,1435151631629993,0
832574385,833622961,833152320,4087294848,1436961308625938,0
833622961,834671537,834094800,3985459200,1438768587936779,0
834671537,835720113,835314480,4029742080,1440577839233115,0
835720113,836768689,836035200,4143484800,1442386767252357,0
836768689,837817265,836922240,4018636800,1444194665956022,0
837817265,838865841,837837000,4025548800,1446003812384265,0
838865841,839914417,838918080,4014581760,1447812741934262,0
839914417,840962993,839999160,3962740320,1449620649327199,0
840962993,842011569,841579200,4021409280,1451429214813113,0
842011569,843060145,842161320,4064256000,1453238525891639,0
843060145,844108721,843242400,4151546784,1455046980950762,0
844108721,845157297,845044200,3936310560,1456855023358321,0
845157297,846205873,845404560,4319723520,1458664417370341,0
846205873,847254449,846518400,4143484800,1460472089373559,0
847254449,848303025,848232000,4142451456,1462281376204798,0
848303025,849351601,849008160,4226826240,1464090731911203,0
849351601,850400177,849728880,3992744448,1465898036518117,0
850400177,851448753,850449600,4127235840,1467707186515527,0
851448753,852497329,851891040,4023613440,1469516010385478,0
852497329,853545905,853221600,4098487680,1471324228270179,0
853545905,854594481,854053200,4133068800,1473132970798245,0
854594481,855643057,855328320,4065422400,1474942048236242,0
855643057,856691633,856215360,4131673728,1476749817569127,0
856691633,857740209,857656800,4376251152,1478558865799109,0
857740209,858788785,858211200,4040277120,1480368150683228,0
858788785,859837361,859541760,4238438400,1482175967462872,0
859837361,860885937,860539680,4064256000,1483984534392381,0
860885937,861934513,861537600,4093220160,1485793752869578,0
861934513,862983089,862701840,4310349120,1487601761854109,0
862983089,864031665,863782920,4180377600,1489410600487736,0
864031665,865080241,864864000,4285532160,1491219806626011,0
865080241,866128817,865453680,4060990080,1493027636496709,0
866128817,867177393,867081600,4261870080,1494836350792159,0
867177393,868225969,867746880,4173833664,1496645423398501,0
868225969,869274545,869188320,4180087296,1498453400693326,0
869274545,870323121,870269400,4274726400,1500262651143859,0
870323121,871371697,871350480,4182589440,1502071229031933,0
871371697,872420273,872182080,4248668160,1503879108276597,0
872420273,873468849,872972100,4199731200,1505688607213529,0
873468849,874517425,873512640,4178442240,1507497131713508,0
874517425,875566001,874621440,4136520960,1509305607313408,0
875566001,876614577,876506400,4319723520,1511113749260082,0
876614577,877663153,877448880,4178304000,1512923336796787,0
877663153,878711729,877836960,4343673600,1514730756459680,0
878711729,879760305,879278400,4264810368,1516539962446658,0
879760305,880808881,879999120,4211397120,1518349669003772,0
880808881,881857457,881662320,4159733760,1520156439253989,0
881857457,882906033,882161280,4478664960,1521966012698043,0
882906033,883954609,883242360,4257792000,1523774475511817,0
883954609,885003185,884822400,4325616000,1525583007235652,0
885003185,886051761,885931200,4245156864,1527391802445696,0
886051761,887100337,886485600,4409717760,1529200799351538,0
887100337,888148913,887483520,4230144000,1531009021899980,0
888148913,889197489,888287400,4387219200,1532817159373998,0
889197489,890246065,890089200,4389540480,1534626727028529,0
890246065,891294641,890643600,4306786848,1536434740452507,0
891294641,892343217,891891000,4217653440,1538243461938520,0
892343217,893391793,892972080,4274726400,1540052244741940,0
893391793,894440369,893692800,4419717120,1541860547073936,0
894440369,895488945,895134240,4438167552,1543669321964785,0
895488945,896537521,896313600,4293544640,1545478693906965,0
896537521,897586097,897296400,4339722240,1547286287568027,0
897586097,898634673,898017120,4235081760,1549094989511245,0
898634673,899683249,899458560,4313295360,1550904322661907,0
899683249,900731825,900539640,4354560000,1552711961398198,0
900731825,901780401,900900000,4299474816,1554521392990914,0
901780401,902828977,902210400,4303412064,1556330058524716,0
902828977,903877553,903782880,4504550400,1558138060625315,0
903877553,904926129,904780800,4386147840,1559946856030298,0
904926129,905974705,905889600,4323770880,1561755949855552,0
905974705,907023281,906665760,4517420544,1563564088653017,0
907023281,908071857,907608240,4200159744,1565372581306097,0
908071857,909120433,908107200,4561786152,1567182154565761,0
909120433,910169009,910007280,4289725440,1568989963592682,0
910169009,911217585,910435680,4467778560,1570798569967467,0
911217585,912266161,911710800,4466297472,1572607956172492,0
912266161,913314737,913263120,4385433600,1574415430108556,0
913314737,914363313,913348800,4333597632,1576224597605937,0
914363313,915411889,914593680,4367720448,1578033564399710,0
915411889,916460465,916423200,4499712000,1579841525478288,0
916460465,917509041,916755840,4441651200,1581650754276577,0
917509041,918557617,918086400,4416217344,1583459183318725,0
918557617,919606193,918918000,4679700480,1585267137138297,0
919606193,920654769,919638720,4426793280,1587076651286865,0
920654769,921703345,921080160,4425974784,1588885225998489,0
921703345,922751921,922259520,4461101568,1590693429471777,0
922751921,923800497,923630400,4422038400,1592501983204620,0
923800497,924849073,924323400,4549708800,1594311687145320,0
924849073,925897649,925404480,4424232960,1596118933436063,0
925897649,926946225,926190720,4386816000,1597927821980733,0
926946225,927994801,927400320,4441651200,1599737455930806,0
927994801,929043377,928287360,4571199360,1601545048479907,0
929043377,930091953,929728800,4619704320,1603353874626857,0
930091953,931140529,930227760,4396861440,1605162868114894,0
931140529,932189105,931170240,4792919040,1606971339742021,0
932189105,933237681,933055200,4525866576,1608779572538919,0
933237681,934286257,933332400,4546052784,1610588853447604,0
934286257,935334833,934940160,4412289024,1612396614114507,0
935334833,936383409,935625600,4541896800,1614205671247181,0
936383409,937431985,936936000,4524743808,1616014546643721,0
937431985,938480561,938377440,4633251840,1617822972673097,0
938480561,939529137,939338400,4535709696,1619631476685548,0
939529137,940577713,940539600,4688449920,1621440523030059,0
940577713,941626289,941537520,4445715456,1623248470702685,0
941626289,942674865,942480000,4473817920,1625057306146266,0
942674865,943723441,943422480,4619376216,1626867145579879,0
943723441,944772017,944143200,4504211712,1628674107715777,0
944772017,945820593,944863920,4799692800,1630483281214947,0
945820593,946869169,945945000,4487313600,1632292287983137,0
946869169,947917745,947026080,4548918528,1634100229558803,0
947917745,948966321,948024000,4602723840,1635909442410237,0
948966321,950014897,949548600,4679700480,1637717842608671,0
950014897,951063473,950019840,4567579632,1639526429169863,0
951063473,952112049,951350400,4710115200,1641334801837645,0
952112049,953160625,952333200,4688449920,1643144261334307,0
953160625,954209201,953789760,4553273088,1644952171485131,0
954209201,955257777,954954000,4562707968,1646760686151357,0
955257777,956306353,955674720,4781306880,1648570201919597,0
956306353,957354929,956617200,4614414480,1650377339206653,0
957354929,958403505,957902400,4539959424,1652187144996053,0
958403505,959452081,958557600,4862501280,1653995996918493,0
959452081,960500657,959999040,4708940544,1655803800408284,0
960500657,961549233,961440480,4755179520,1657612638574373,0
961549233,962597809,962161200,4649702400,1659421457357689,0
962597809,963646385,963537120,4507937280,1661229616712621,0
963646385,964694961,964656000,4582656000,1663038568549865,0
964694961,965743537,965404440,4644864000,1664847643406113,0
965743537,966792113,965764800,4677533952,1666655545551979,0
966792113,967840689,966984480,4755179520,1668464126990069,0
967840689,968889265,968647680,4704497280,1670273806794896,0
968889265,969937841,969091200,4735411200,1672081511537157,0
969937841,970986417,970754400,4562707968,1673890028296336,0
970986417,972034993,971890920,4644864000,1675699294251883,0
972034993,973083569,972972000,4808014848,1677507179359189,0
973083569,974132145,973496160,4755179520,1679315704392407,0
974132145,975180721,975134160,4654702080,1681125851572880,0
975180721,976229297,975466800,4822405632,1682933103920065,0
976229297,977277873,976409280,4634581536,1684741860157703,0
977277873,978326449,978017040,4679700480,1686551099962005,0
978326449,979375025,978737760,4611533472,1688358923884841,0
979375025,980423601,980179200,4981931136,1690168530313653,0
980423601,981472177,981288000,4564684800,1691976503054505,0
981472177,982520753,982341360,4679700480,1693784663960615,0
982520753,983569329,983062080,4721912832,1695593782352476,0
983569329,984617905,983782800,4811611680,1697402779185673,0
984617905,985666481,984891600,4785318720,1699211028074266,0
985666481,986715057,985944960,4976294400,1701019655287027,0
986715057,987763633,987386400,4708948608,1702828325666944,0
987763633,988812209,988772400,4649702400,1704636701106211,0
988812209,989860785,989604000,4840093440,1706445585557117,0
989860785,990909361,990158400,4716840960,1708255118235115,0
990909361,991957937,991710720,4718697984,1710062096618093,0
991957937,993006513,992431440,4918185216,1711871281673427,0
993006513,994055089,993845160,4727808000,1713680498332104,0
994055089,995103665,994593600,5079674880,1715488307530122,0
995103665,996152241,995425200,4785318720,1717297320028328,0
996152241,997200817,996811200,4716840960,1719106095091543,0
997200817,998249393,997682400,4724697600,1720914459472181,0
998249393,999297969,998917920,4854356892,1722722665716265,0
999297969,1000000000,999638640,4809692160,1154389050436575,0
